Time (monthly),Surface-mass balance (SMB) (Gt/month) from MAR3.5,Discharge (D) (Gt/month) from InSAR,Total Mass Balance (MB) (Mb=SMB+D) (Gt/month),Average MB for 1961-1990 period,MB Anamoalies with respect to 1961-1990 period,Monthly Cummulative MB,Time (monthly),Time (yearly),Yearly Cumulative MB Gt (Averaged over the months),Sea level Equivalence (Gt * 1km^3/361*10^3 km^2 = SLE in meters),Yearly Cumulative MB in SLE (m),Yearly Cumulative MB in SLE (mm),Greenland error from Sasgen et al 2012 in Gt/yr,Error in m,,,,,,,,,,
1958.042,58.89513776,-34.66931,24.22582776,-0.7267918450,24.9526196050,24.9526196,1958.042,1958,-53.381124,3.61E+05,0.00014787,0.14787015,30,8.31E-05,,,,,,,,,,
1958.125,52.913307,-34.65458,18.258727,,18.9855188450,43.93813845,1958.125,1959,-123.2672109,,0.00034146,0.34146042,,,,,,,,,,,,
1958.208,59.35905875,-34.63986,24.71919875,,25.4459905950,69.38412904,1958.208,1960,-147.3141055,,0.00040807,0.40807231,,,,,,,,,,,,
1958.292,65.79796746,-34.62514,31.17282746,,31.8996193050,101.2837483,1958.292,1961,-239.9204921,,0.00066460,0.66459970,,,,,,,,,,,,
1958.375,16.20640832,-34.61042,-18.40401168,,-17.6772198350,83.60652851,1958.375,1962,-335.2071927,,0.00092855,0.92855178,,,,,,,,,,,,
1958.458,-38.55786422,-34.59569,-73.15355422,,-72.4267623750,11.17976614,1958.458,1963,-380.0029211,,0.00105264,1.05263967,,,,,,,,,,,,
1958.542,-149.8235159,-34.58097,-184.4044859,,-183.6776940550,-172.4979279,1958.542,1964,-287.2888112,,0.00079581,0.79581388,,,,,,,,,,,,
1958.625,-50.42533735,-34.56625,-84.99158735,,-84.2647955050,-256.7627234,1958.625,1965,-254.9448186,,0.00070622,0.70621833,,,,,,,,,,,,
1958.708,86.03499956,-34.55153,51.48346956,,52.2102614050,-204.552462,1958.708,1966,-443.5086227,,0.00122856,1.22855574,,,,,,,,,,,,
1958.792,81.91845868,-34.53681,47.38164868,,48.1084405250,-156.4440215,1958.792,1967,-475.308306,,0.00131664,1.31664351,,,,,,,,,,,,
1958.875,79.04211128,-34.52208,44.52003128,,45.2468231250,-111.1971984,1958.875,1968,-526.2727697,,0.00145782,1.45781931,,,,,,,,,,,,
1958.958,71.5136816,-34.50736,37.0063216,,37.7331134450,-73.46408492,1958.958,1969,-615.7556745,,0.00170569,1.70569439,,,,,,,,,,,,
1959.042,39.90063981,-34.49264,5.40799981,,6.1347916550,-67.32929327,1959.042,1970,-590.8708023,,0.00163676,1.63676123,,,,,,,,,,,,
1959.125,67.51235567,-34.47792,33.03443567,,33.7612275150,-33.56806575,1959.125,1971,-635.0779283,,0.00175922,1.75921864,,,,,,,,,,,,
1959.208,73.86907141,-34.46319,39.40588141,,40.1326732550,6.564607505,1959.208,1972,-468.9281222,,0.00129897,1.29896987,,,,,,,,,,,,
1959.292,21.89467004,-34.44847,-12.55379996,,-11.8270081150,-5.26240061,1959.292,1973,-294.9200926,,0.00081695,0.81695317,,,,,,,,,,,,If you estimate the temporal linear trend of the MB for 2003-2013 it should be close to -270 Gt/yr (Grace shows about -250 Gt/yr)
1959.375,28.3419231,-34.43375,-6.0918269,,-5.3650350550,-10.62743567,1959.375,1974,-237.4090205,,0.00065764,0.65764272,,,,,,,,,,,,
1959.458,-44.87901071,-34.41903,-79.29804071,,-78.5712488650,-89.19868453,1959.458,1975,-206.3524419,,0.00057161,0.57161341,,,,,,,,,,,,
1959.542,-121.8937974,-34.46031,-156.3541074,,-155.6273155550,-244.8260001,1959.542,1976,-84.36394368,,0.00023370,0.23369513,,,,,,,,,,,,
1959.625,-31.58732568,-34.5576,-66.14492568,,-65.4181338350,-310.2441339,1959.625,1977,13.36745549,,-0.00003703,-0.03702896,,,,,,,,,,,,
1959.708,76.26620458,-34.6549,41.61130458,,42.3380964250,-267.9060375,1959.708,1978,107.5218014,,-0.00029784,-0.29784433,,,,,,,,,,,,
1959.792,120.705224,-34.75219,85.953034,,86.6798258450,-181.2262117,1959.792,1979,160.1316204,,-0.00044358,-0.44357790,,,,,,,,,,,,
1959.875,58.49538951,-34.84948,23.64590951,,24.3727013550,-156.8535103,1959.875,1980,165.0098625,,-0.00045709,-0.45709103,,,,,,,,,,,,
1959.958,72.34412314,-34.94677,37.39735314,,38.1241449850,-118.7293653,1959.958,1981,69.52353184,,-0.00019259,-0.19258596,,,,,,,,,,,,
1960.042,79.50353024,-35.04406,44.45947024,,45.1862620850,-73.54310323,1960.042,1982,-3.63890749,,0.00001008,0.01008008,,,,,,,,,,,,
1960.125,49.94652576,-35.14135,14.80517576,,15.5319676050,-58.01113562,1960.125,1983,36.15622508,,-0.00010016,-0.10015575,,,,,,,,,,,,
1960.208,97.02407431,-35.23865,61.78542431,,62.5122161550,4.501080534,1960.208,1984,110.8907084,,-0.00030718,-0.30717648,,,,,,,,,,,,
1960.292,41.55598134,-35.33594,6.22004134,,6.9468331850,11.44791372,1960.292,1985,103.2860197,,-0.00028611,-0.28611086,,,,,,,,,,,,
1960.375,45.61855178,-35.43323,10.18532178,,10.9121136250,22.36002734,1960.375,1986,93.00298975,,-0.00025763,-0.25762601,,,,,,,,,,,,
1960.458,-22.2993259,-35.53052,-57.8298459,,-57.1030540550,-34.74302671,1960.458,1987,148.5965879,,-0.00041162,-0.41162490,,,,,,,,,,,,
1960.542,-145.1520638,-35.55885,-180.7109138,,-179.9841219550,-214.7271487,1960.542,1988,68.08479853,,-0.00018860,-0.18860055,,,,,,,,,,,,
1960.625,-87.81676529,-35.51823,-123.3349953,,-122.6082034550,-337.3353521,1960.625,1989,-48.53656486,,0.00013445,0.13445032,,,,,,,,,,,,
1960.708,52.52252091,-35.4776,17.04492091,,17.7717127550,-319.5636394,1960.708,1990,-123.7153998,,0.00034270,0.34270194,,,,,,,,,,,,
1960.792,62.41032214,-35.43698,26.97334214,,27.7001339850,-291.8635054,1960.792,1991,-126.6432688,,0.00035081,0.35081238,,,,,,,,,,,,
1960.875,74.82472678,-35.39635,39.42837678,,40.1551686250,-251.7083368,1960.875,1992,-44.34963644,,0.00012285,0.12285218,,,,,,,,,,,,
1960.958,61.75423498,-35.35573,26.39850498,,27.1252968250,-224.5830399,1960.958,1993,0.597795505,,-0.00000166,-0.00165594,,,,,,,,,,,,
1961.042,79.5478326,-35.3151,44.2327326,,44.9595244450,-179.6235155,1961.042,1994,-13.52481084,,0.00003746,0.03746485,,,,,,,,,,,,
1961.125,50.42994772,-35.27448,15.15546772,,15.8822595650,-163.7412559,1961.125,1995,-152.5035839,,0.00042245,0.42244760,,,,,,,,,,,,
1961.208,51.83694504,-35.23385,16.60309504,,17.3298868850,-146.411369,1961.208,1996,-77.29931403,,0.00021413,0.21412552,,,,,,,,,,,,
1961.292,21.39848515,-35.19323,-13.79474485,,-13.0679530050,-159.479322,1961.292,1997,-29.97407975,,0.00008303,0.08303069,,,,,,,,,,,,
1961.375,51.14220114,-35.1526,15.98960114,,16.7163929850,-142.7629291,1961.375,1998,-89.72752365,,0.00024855,0.24855270,,,,0.000712993,2.57E+02,,,,,,,
1961.458,-13.27024477,-35.11198,-48.38222477,,-47.6554329250,-190.418362,1961.458,1999,-212.705449,,0.00058921,0.58921177,,,,,,,,,,,,
1961.542,-72.57232126,-35.05306,-107.6253813,,-106.8985894550,-297.3169514,1961.542,2000,-258.3952232,,0.00071578,0.71577624,,,,,,,,,,,,
1961.625,-36.74119748,-34.97583,-71.71702748,,-70.9902356350,-368.3071871,1961.625,2001,-364.3713534,,0.00100934,1.00933893,,,,,,,,,,,,
1961.708,46.4821052,-34.89861,11.5834952,,12.3102870450,-355.9969,1961.708,2002,-482.0324423,,0.00133527,1.33526992,,,,,,,,,,,,
1961.792,74.7460521,-34.82139,39.9246621,,40.6514539450,-315.3454461,1961.792,2003,-611.803915,,0.00169475,1.69474769,,,,,,,,,,,,
1961.875,65.10355777,-34.74417,30.35938777,,31.0861796150,-284.2592665,1961.875,2004,-811.443328,,0.00224777,2.24776545,,,,,,,,,,,,
1961.958,42.81601457,-34.66694,8.14907457,,8.8758664150,-275.3834001,1961.958,2005,-1002.934346,,0.00277821,2.77821149,,,,,,,,,,,,
1962.042,64.85268886,-34.58972,30.26296886,,30.9897607050,-244.3936393,1962.042,2006,-1288.047097,,0.00356800,3.56799750,,,,,,,,,,,,
1962.125,64.4114494,-34.5125,29.8989494,,30.6257412450,-213.7678981,1962.125,2007,-1613.252542,,0.00446884,4.46884361,,,,,,,,,,,,
1962.208,24.22365942,-34.43528,-10.21162058,,-9.4848287350,-223.2527268,1962.208,2008,-1931.014393,,0.00534907,5.34907034,,,,,,,,,,,,
1962.292,57.05642997,-34.35806,22.69836997,,23.4251618150,-199.827565,1962.292,2009,-2156.146253,,0.00597270,5.97270430,,,,,,,,,,,,
1962.375,21.44476145,-34.28083,-12.83606855,,-12.1092767050,-211.9368417,1962.375,,,,,,,,,,,,,,,,,
1962.458,-18.06756225,-34.20361,-52.27117225,,-51.5443804050,-263.4812221,1962.458,,,,,,,,,,,,,,,,,
1962.542,-124.6739733,-34.22226,-158.8962333,,-158.1694414550,-421.6506636,1962.542,,,,,,,,,,,,,,,,,
1962.625,-39.62866575,-34.33677,-73.96543575,,-73.2386439050,-494.8893075,1962.625,,,,,,,,,,,,,,,,,
1962.708,50.047673,-34.45128,15.596393,,16.3231848450,-478.5661226,1962.708,,,,,,,,,,,,,,,,,
1962.792,50.02022385,-34.5658,15.45442385,,16.1812156950,-462.384907,1962.792,,,,,,,,,,,,,,,,,
1962.875,75.39196665,-34.68031,40.71165665,,41.4384484950,-420.9464585,1962.875,,,,,,,,,,,,,,,,,
1962.958,67.62553593,-34.79483,32.83070593,,33.5574977750,-387.3889607,1962.958,,,,,,,,,,,,,,,,,
1963.042,75.59535482,-34.90934,40.68601482,,41.4128066650,-345.976154,1963.042,,,,,,,,,,,,,,,,,
1963.125,47.56954134,-35.02385,12.54569134,,13.2724831850,-332.7036708,1963.125,,,,,,,,,,,,,,,,,
1963.208,60.82730205,-35.13837,25.68893205,,26.4157238950,-306.2879469,1963.208,,,,,,,,,,,,,,,,,
1963.292,39.65637471,-35.25288,4.40349471,,5.1302865550,-301.1576604,1963.292,,,,,,,,,,,,,,,,,
1963.375,37.33428897,-35.3674,1.96688897,,2.6936808150,-298.4639796,1963.375,,,,,,,,,,,,,,,,,
1963.458,8.55628953,-35.48191,-26.92562047,,-26.1988286250,-324.6628082,1963.458,,,,,,,,,,,,,,,,,
1963.542,-66.18983971,-35.55465,-101.7444897,,-101.0176978550,-425.680506,1963.542,,,,,,,,,,,,,,,,,
1963.625,-45.20309282,-35.58563,-80.78872282,,-80.0619309750,-505.742437,1963.625,,,,,,,,,,,,,,,,,
1963.708,72.40710238,-35.6166,36.79050238,,37.5172942250,-468.2251428,1963.708,,,,,,,,,,,,,,,,,
1963.792,65.21616512,-35.64757,29.56859512,,30.2953869650,-437.9297558,1963.792,,,,,,,,,,,,,,,,,
1963.875,49.4878751,-35.67854,13.8093351,,14.5361269450,-423.3936289,1963.875,,,,,,,,,,,,,,,,,
1963.958,68.56498389,-35.70951,32.85547389,,33.5822657350,-389.8113632,1963.958,,,,,,,,,,,,,,,,,
1964.042,82.28619933,-35.74049,46.54570933,,47.2725011750,-342.538862,1964.042,,,,,,,,,,,,,,,,,
1964.125,75.58932789,-35.77146,39.81786789,,40.5446597350,-301.9942022,1964.125,,,,,,,,,,,,,,,,,
1964.208,98.90792479,-35.80243,63.10549479,,63.8322866350,-238.1619156,1964.208,,,,,,,,,,,,,,,,,
1964.292,45.2487306,-35.8334,9.4153306,,10.1421224450,-228.0197932,1964.292,,,,,,,,,,,,,,,,,
1964.375,36.2821168,-35.86438,0.4177368,,1.1445286450,-226.8752645,1964.375,,,,,,,,,,,,,,,,,
1964.458,-0.00505138,-35.89535,-35.90040138,,-35.1736095350,-262.0488741,1964.458,,,,,,,,,,,,,,,,,
1964.542,-1.99582791,-35.875,-37.87082791,,-37.1440360650,-299.1929101,1964.542,,,,,,,,,,,,,,,,,
1964.625,-22.91841349,-35.80333,-58.72174349,,-57.9949516450,-357.1878618,1964.625,,,,,,,,,,,,,,,,,
1964.708,37.41081442,-35.73167,1.67914442,,2.4059362650,-354.7819255,1964.708,,,,,,,,,,,,,,,,,
1964.792,87.95830404,-35.66,52.29830404,,53.0250958850,-301.7568296,1964.792,,,,,,,,,,,,,,,,,
1964.875,56.53883724,-35.58833,20.95050724,,21.6772990850,-280.0795305,1964.875,,,,,,,,,,,,,,,,,
1964.958,60.04164343,-35.51667,24.52497343,,25.2517652750,-254.8277653,1964.958,,,,,,,,,,,,,,,,,
1965.042,65.66603313,-35.445,30.22103313,,30.9478249750,-223.8799403,1965.042,,,,,,,,,,,,,,,,,
1965.125,104.0794918,-35.37333,68.70616178,,69.4329536250,-154.4469867,1965.125,,,,,,,,,,,,,,,,,
1965.208,33.810746,-35.30167,-1.490924,,-0.7641321550,-155.2111188,1965.208,,,,,,,,,,,,,,,,,
1965.292,51.91739428,-35.23,16.68739428,,17.4141861250,-137.7969327,1965.292,,,,,,,,,,,,,,,,,
1965.375,5.37709468,-35.15833,-29.78123532,,-29.0544434750,-166.8513762,1965.375,,,,,,,,,,,,,,,,,
1965.458,-1.72333389,-35.08667,-36.81000389,,-36.0832120450,-202.9345882,1965.458,,,,,,,,,,,,,,,,,
1965.542,-67.67045709,-34.99,-102.6604571,,-101.9336652550,-304.8682535,1965.542,,,,,,,,,,,,,,,,,
1965.625,-48.88087667,-34.86833,-83.74920667,,-83.0224148250,-387.8906683,1965.625,,,,,,,,,,,,,,,,,
1965.708,49.50899165,-34.74667,14.76232165,,15.4891134950,-372.4015548,1965.708,,,,,,,,,,,,,,,,,
1965.792,72.58531062,-34.625,37.96031062,,38.6871024650,-333.7144523,1965.792,,,,,,,,,,,,,,,,,
1965.875,58.79101684,-34.50333,24.28768684,,25.0144786850,-308.6999736,1965.875,,,,,,,,,,,,,,,,,
1965.958,31.7128735,-34.38167,-2.6687965,,-1.9420046550,-310.6419783,1965.958,,,,,,,,,,,,,,,,,
1966.042,37.98708399,-34.26,3.72708399,,4.4538758350,-306.1881025,1966.042,,,,,,,,,,,,,,,,,
1966.125,27.66770352,-34.13833,-6.47062648,,-5.7438346350,-311.9319371,1966.125,,,,,,,,,,,,,,,,,
1966.208,32.452943,-34.01667,-1.563727,,-0.8369351550,-312.7688722,1966.208,,,,,,,,,,,,,,,,,
1966.292,35.72109051,-33.895,1.82609051,,2.5528823550,-310.2159899,1966.292,,,,,,,,,,,,,,,,,
1966.375,8.80166303,-33.77333,-24.97166697,,-24.2448751250,-334.460865,1966.375,,,,,,,,,,,,,,,,,
1966.458,-20.23886459,-33.65167,-53.89053459,,-53.1637427450,-387.6246078,1966.458,,,,,,,,,,,,,,,,,
1966.542,-94.09892243,-33.63406,-127.7329824,,-127.0061905550,-514.6307983,1966.542,,,,,,,,,,,,,,,,,
1966.625,-92.47207517,-33.72052,-126.1925952,,-125.4658033550,-640.0966017,1966.625,,,,,,,,,,,,,,,,,
1966.708,62.37871895,-33.80698,28.57173895,,29.2985307950,-610.7980709,1966.708,,,,,,,,,,,,,,,,,
1966.792,73.42035066,-33.89344,39.52691066,,40.2537025050,-570.5443684,1966.792,,,,,,,,,,,,,,,,,
1966.875,84.46007715,-33.9799,50.48017715,,51.2069689950,-519.3373994,1966.875,,,,,,,,,,,,,,,,,
1966.958,49.17109879,-34.06635,15.10474879,,15.8315406350,-503.5058587,1966.958,,,,,,,,,,,,,,,,,
1967.042,70.18272414,-34.15281,36.02991414,,36.7567059850,-466.7491528,1967.042,,,,,,,,,,,,,,,,,
1967.125,79.71222168,-34.23927,45.47295168,,46.1997435250,-420.5494092,1967.125,,,,,,,,,,,,,,,,,
1967.208,29.66852144,-34.32573,-4.65720856,,-3.9304167150,-424.4798259,1967.208,,,,,,,,,,,,,,,,,
1967.292,62.10565471,-34.41219,27.69346471,,28.4202565550,-396.0595694,1967.292,,,,,,,,,,,,,,,,,
1967.375,16.98095107,-34.49865,-17.51769893,,-16.7909070850,-412.8504765,1967.375,,,,,,,,,,,,,,,,,
1967.458,7.46148329,-34.5851,-27.12361671,,-26.3968248650,-439.2473013,1967.458,,,,,,,,,,,,,,,,,
1967.542,-86.80333416,-34.62406,-121.4273942,,-120.7006023550,-559.9479037,1967.542,,,,,,,,,,,,,,,,,
1967.625,-16.61218937,-34.61552,-51.22770937,,-50.5009175250,-610.4488212,1967.625,,,,,,,,,,,,,,,,,
1967.708,117.1147953,-34.60698,82.50781525,,83.2346070950,-527.2142141,1967.708,,,,,,,,,,,,,,,,,
1967.792,48.5440135,-34.59844,13.9455735,,14.6723653450,-512.5418488,1967.792,,,,,,,,,,,,,,,,,
1967.875,74.91598885,-34.5899,40.32608885,,41.0528806950,-471.4889681,1967.875,,,,,,,,,,,,,,,,,
1967.958,43.22134549,-34.58135,8.63999549,,9.3667873350,-462.1221808,1967.958,,,,,,,,,,,,,,,,,
1968.042,38.12815967,-34.57281,3.55534967,,4.2821415150,-457.8400392,1968.042,,,,,,,,,,,,,,,,,
1968.125,49.68018566,-34.56427,15.11591566,,15.8427075050,-441.9973317,1968.125,,,,,,,,,,,,,,,,,
1968.208,60.77988951,-34.55573,26.22415951,,26.9509513550,-415.0463804,1968.208,,,,,,,,,,,,,,,,,
1968.292,59.59446922,-34.54719,25.04727922,,25.7740710650,-389.2723093,1968.292,,,,,,,,,,,,,,,,,
1968.375,19.88145256,-34.53865,-14.65719744,,-13.9304055950,-403.2027149,1968.375,,,,,,,,,,,,,,,,,
1968.458,-25.89467919,-34.5301,-60.42477919,,-59.6979873450,-462.9007023,1968.458,,,,,,,,,,,,,,,,,
1968.542,-109.5150164,-34.49753,-144.0125464,,-143.2857545550,-606.1864568,1968.542,,,,,,,,,,,,,,,,,
1968.625,-36.80093817,-34.44094,-71.24187817,,-70.5150863250,-676.7015431,1968.625,,,,,,,,,,,,,,,,,
1968.708,61.50616864,-34.38434,27.12182864,,27.8486204850,-648.8529226,1968.708,,,,,,,,,,,,,,,,,
1968.792,50.16496084,-34.32774,15.83722084,,16.5640126850,-632.28891,1968.792,,,,,,,,,,,,,,,,,
1968.875,64.12119259,-34.27115,29.85004259,,30.5768344350,-601.7120755,1968.875,,,,,,,,,,,,,,,,,
1968.958,55.92798339,-34.21455,21.71343339,,22.4402252350,-579.2718503,1968.958,,,,,,,,,,,,,,,,,
1969.042,37.85376472,-34.15795,3.69581472,,4.4226065650,-574.8492437,1969.042,,,,,,,,,,,,,,,,,
1969.125,59.88682751,-34.10135,25.78547751,,26.5122693550,-548.3369744,1969.125,,,,,,,,,,,,,,,,,
1969.208,42.77049607,-34.04476,8.72573607,,9.4525279150,-538.8844465,1969.208,,,,,,,,,,,,,,,,,
1969.292,37.61604811,-33.98816,3.62788811,,4.3546799550,-534.5297665,1969.292,,,,,,,,,,,,,,,,,
1969.375,43.91149793,-33.93156,9.97993793,,10.7067297750,-523.8230367,1969.375,,,,,,,,,,,,,,,,,
1969.458,-7.11918085,-33.87497,-40.99415085,,-40.2673590050,-564.0903957,1969.458,,,,,,,,,,,,,,,,,
1969.542,-64.75229626,-33.90927,-98.66156626,,-97.9347744150,-662.0251701,1969.542,,,,,,,,,,,,,,,,,
1969.625,-53.01422337,-34.03448,-87.04870337,,-86.3219115250,-748.3470817,1969.625,,,,,,,,,,,,,,,,,
1969.708,55.10459107,-34.15969,20.94490107,,21.6716929150,-726.6753888,1969.708,,,,,,,,,,,,,,,,,
1969.792,49.04207124,-34.2849,14.75717124,,15.4839630850,-711.1914257,1969.792,,,,,,,,,,,,,,,,,
1969.875,94.96228417,-34.4101,60.55218417,,61.2789760150,-649.9124497,1969.875,,,,,,,,,,,,,,,,,
1969.958,77.31825377,-34.53531,42.78294377,,43.5097356150,-606.402714,1969.958,,,,,,,,,,,,,,,,,
1970.042,62.50802724,-34.66052,27.84750724,,28.5742990850,-577.828415,1970.042,,,,,,,,,,,,,,,,,
1970.125,53.00681435,-34.78573,18.22108435,,18.9478761950,-558.8805388,1970.125,,,,,,,,,,,,,,,,,
1970.208,40.97837887,-34.91094,6.06743887,,6.7942307150,-552.086308,1970.208,,,,,,,,,,,,,,,,,
1970.292,43.54792974,-35.03615,8.51177974,,9.2385715850,-542.8477365,1970.292,,,,,,,,,,,,,,,,,
1970.375,46.35264067,-35.16135,11.19129067,,11.9180825150,-530.9296539,1970.375,,,,,,,,,,,,,,,,,
1970.458,23.96774419,-35.28656,-11.31881581,,-10.5920239650,-541.5216779,1970.458,,,,,,,,,,,,,,,,,
1970.542,-76.17437467,-35.25868,-111.4330547,,-110.7062628550,-652.2279408,1970.542,,,,,,,,,,,,,,,,,
1970.625,-12.09600714,-35.07771,-47.17371714,,-46.4469252950,-698.6748661,1970.625,,,,,,,,,,,,,,,,,
1970.708,67.28329116,-34.89674,32.38655116,,33.1133430050,-665.5615231,1970.708,,,,,,,,,,,,,,,,,
1970.792,79.15718652,-34.71576,44.44142652,,45.1682183650,-620.3933047,1970.792,,,,,,,,,,,,,,,,,
1970.875,58.31658971,-34.53479,23.78179971,,24.5085915550,-595.8847131,1970.875,,,,,,,,,,,,,,,,,
1970.958,75.89879106,-34.35382,41.54497106,,42.2717629050,-553.6129502,1970.958,,,,,,,,,,,,,,,,,
1971.042,41.08946026,-34.17285,6.91661026,,7.6434021050,-545.9695481,1971.042,,,,,,,,,,,,,,,,,
1971.125,42.67942195,-33.99188,8.68754195,,9.4143337950,-536.5552143,1971.125,,,,,,,,,,,,,,,,,
1971.208,23.77591062,-33.8109,-10.03498938,,-9.3081975350,-545.8634119,1971.208,,,,,,,,,,,,,,,,,
1971.292,33.58117198,-33.62993,-0.04875802,,0.6780338250,-545.185378,1971.292,,,,,,,,,,,,,,,,,
1971.375,51.26288128,-33.44896,17.81392128,,18.5407131250,-526.6446649,1971.375,,,,,,,,,,,,,,,,,
1971.458,-20.80455313,-33.26799,-54.07254313,,-53.3457512850,-579.9904162,1971.458,,,,,,,,,,,,,,,,,
1971.542,-117.0389199,-33.34288,-150.3817999,,-149.6550080550,-729.6454243,1971.542,,,,,,,,,,,,,,,,,
1971.625,-19.6090893,-33.67365,-53.2827393,,-52.5559474550,-782.2013717,1971.625,,,,,,,,,,,,,,,,,
1971.708,71.18666703,-34.00441,37.18225703,,37.9090488750,-744.2923228,1971.708,,,,,,,,,,,,,,,,,
1971.792,44.70146906,-34.33517,10.36629906,,11.0930909050,-733.1992319,1971.792,,,,,,,,,,,,,,,,,
1971.875,78.19303345,-34.66594,43.52709345,,44.2538852950,-688.9453466,1971.875,,,,,,,,,,,,,,,,,
1971.958,60.77244657,-34.9967,25.77574657,,26.5025384150,-662.4428082,1971.958,,,,,,,,,,,,,,,,,
1972.042,141.1756691,-35.32747,105.8481991,,106.5749909450,-555.8678173,1972.042,,,,,,,,,,,,,,,,,
1972.125,66.02327069,-35.65823,30.36504069,,31.0918325350,-524.7759847,1972.125,,,,,,,,,,,,,,,,,
1972.208,74.99173177,-35.98899,39.00274177,,39.7295336150,-485.0464511,1972.208,,,,,,,,,,,,,,,,,
1972.292,42.25245977,-36.31976,5.93269977,,6.6594916150,-478.3869595,1972.292,,,,,,,,,,,,,,,,,
1972.375,65.97365237,-36.65052,29.32313237,,30.0499242150,-448.3370353,1972.375,,,,,,,,,,,,,,,,,
1972.458,26.32433866,-36.98128,-10.65694134,,-9.9301494950,-458.2671848,1972.458,,,,,,,,,,,,,,,,,
1972.542,-8.67511953,-37.05038,-45.72549953,,-44.9987076850,-503.2658925,1972.542,,,,,,,,,,,,,,,,,
1972.625,20.23535302,-36.85781,-16.62245698,,-15.8956651350,-519.1615576,1972.625,,,,,,,,,,,,,,,,,
1972.708,79.46334008,-36.66524,42.79810008,,43.5248919250,-475.6366657,1972.708,,,,,,,,,,,,,,,,,
1972.792,95.79196119,-36.47267,59.31929119,,60.0460830350,-415.5905827,1972.792,,,,,,,,,,,,,,,,,
1972.875,57.41964913,-36.2801,21.13954913,,21.8663409750,-393.7242417,1972.875,,,,,,,,,,,,,,,,,
1972.958,60.00788673,-36.08753,23.92035673,,24.6471485750,-369.0770931,1972.958,,,,,,,,,,,,,,,,,
1973.042,93.95413641,-35.89497,58.05916641,,58.7859582550,-310.2911348,1973.042,,,,,,,,,,,,,,,,,
1973.125,35.43418963,-35.7024,-0.26821037,,0.4585814750,-309.8325534,1973.125,,,,,,,,,,,,,,,,,
1973.208,44.51370396,-35.50983,9.00387396,,9.7306658050,-300.1018876,1973.208,,,,,,,,,,,,,,,,,
1973.292,70.41102153,-35.31726,35.09376153,,35.8205533750,-264.2813342,1973.292,,,,,,,,,,,,,,,,,
1973.375,53.24956242,-35.12469,18.12487242,,18.8516642650,-245.4296699,1973.375,,,,,,,,,,,,,,,,,
1973.458,19.98863969,-34.93212,-14.94348031,,-14.2166884650,-259.6463584,1973.458,,,,,,,,,,,,,,,,,
1973.542,-33.86533227,-34.86014,-68.72547227,,-67.9986804250,-327.6450388,1973.542,,,,,,,,,,,,,,,,,
1973.625,0.46904524,-34.90875,-34.43970476,,-33.7129129150,-361.3579517,1973.625,,,,,,,,,,,,,,,,,
1973.708,71.35199225,-34.95736,36.39463225,,37.1214240950,-324.2365276,1973.708,,,,,,,,,,,,,,,,,
1973.792,65.27396193,-35.00597,30.26799193,,30.9947837750,-293.2417439,1973.792,,,,,,,,,,,,,,,,,
1973.875,43.32660681,-35.05458,8.27202681,,8.9988186550,-284.2429252,1973.875,,,,,,,,,,,,,,,,,
1973.958,59.88533754,-35.10319,24.78214754,,25.5089393850,-258.7339858,1973.958,,,,,,,,,,,,,,,,,
1974.042,67.12936842,-35.15181,31.97755842,,32.7043502650,-226.0296356,1974.042,,,,,,,,,,,,,,,,,
1974.125,42.37342112,-35.20042,7.17300112,,7.8997929650,-218.1298426,1974.125,,,,,,,,,,,,,,,,,
1974.208,75.59742116,-35.24903,40.34839116,,41.0751830050,-177.0546596,1974.208,,,,,,,,,,,,,,,,,
1974.292,62.40669292,-35.29764,27.10905292,,27.8358447650,-149.2188148,1974.292,,,,,,,,,,,,,,,,,
1974.375,21.3338572,-35.34625,-14.0123928,,-13.2856009550,-162.5044158,1974.375,,,,,,,,,,,,,,,,,
1974.458,20.40169777,-35.39486,-14.99316223,,-14.2663703850,-176.7707862,1974.458,,,,,,,,,,,,,,,,,
1974.542,-76.13784404,-35.39281,-111.530654,,-110.8038621550,-287.5746483,1974.542,,,,,,,,,,,,,,,,,
1974.625,-35.97019235,-35.3401,-71.31029235,,-70.5835005050,-358.1581488,1974.625,,,,,,,,,,,,,,,,,
1974.708,50.26888272,-35.2874,14.98148272,,15.7082745650,-342.4498743,1974.708,,,,,,,,,,,,,,,,,
1974.792,93.60121902,-35.23469,58.36652902,,59.0933208650,-283.3565534,1974.792,,,,,,,,,,,,,,,,,
1974.875,83.59948762,-35.18198,48.41750762,,49.1442994650,-234.2122539,1974.875,,,,,,,,,,,,,,,,,
1974.958,35.16611893,-35.12927,0.03684893,,0.7636407750,-233.4486132,1974.958,,,,,,,,,,,,,,,,,
1975.042,31.77097969,-35.07656,-3.30558031,,-2.5787884650,-236.0274016,1975.042,,,,,,,,,,,,,,,,,
1975.125,70.32198483,-35.02385,35.29813483,,36.0249266750,-200.0024749,1975.125,,,,,,,,,,,,,,,,,
1975.208,71.83637031,-34.97115,36.86522031,,37.5920121550,-162.4104628,1975.208,,,,,,,,,,,,,,,,,
1975.292,58.67555281,-34.91844,23.75711281,,24.4839046550,-137.9265581,1975.292,,,,,,,,,,,,,,,,,
1975.375,42.0152403,-34.86573,7.1495103,,7.8763021450,-130.050256,1975.375,,,,,,,,,,,,,,,,,
1975.458,5.93133217,-34.81302,-28.88168783,,-28.1548959850,-158.205152,1975.458,,,,,,,,,,,,,,,,,
1975.542,-56.75680807,-34.8542,-91.61100807,,-90.8842162250,-249.0893682,1975.542,,,,,,,,,,,,,,,,,
1975.625,-13.99404252,-34.98927,-48.98331252,,-48.2565206750,-297.3458889,1975.625,,,,,,,,,,,,,,,,,
1975.708,56.96992636,-35.12434,21.84558636,,22.5723782050,-274.7735107,1975.708,,,,,,,,,,,,,,,,,
1975.792,64.75084961,-35.25941,29.49143961,,30.2182314550,-244.5552792,1975.792,,,,,,,,,,,,,,,,,
1975.875,71.00775869,-35.39448,35.61327869,,36.3400705350,-208.2152087,1975.875,,,,,,,,,,,,,,,,,
1975.958,65.3902254,-35.52955,29.8606754,,30.5874672450,-177.6277414,1975.958,,,,,,,,,,,,,,,,,
1976.042,52.06007267,-35.66462,16.39545267,,17.1222445150,-160.5054969,1976.042,,,,,,,,,,,,,,,,,
1976.125,72.96124927,-35.79969,37.16155927,,37.8883511150,-122.6171458,1976.125,,,,,,,,,,,,,,,,,
1976.208,103.3365537,-35.93476,67.40179369,,68.1285855350,-54.48856027,1976.208,,,,,,,,,,,,,,,,,
1976.292,49.19396504,-36.06983,13.12413504,,13.8509268850,-40.63763339,1976.292,,,,,,,,,,,,,,,,,
1976.375,39.97960989,-36.2049,3.77470989,,4.5015017350,-36.13613165,1976.375,,,,,,,,,,,,,,,,,
1976.458,5.50939576,-36.33997,-30.83057424,,-30.1037823950,-66.23991405,1976.458,,,,,,,,,,,,,,,,,
1976.542,-59.97832729,-36.35517,-96.33349729,,-95.6067054450,-161.8466195,1976.542,,,,,,,,,,,,,,,,,
1976.625,24.51661786,-36.25052,-11.73390214,,-11.0071102950,-172.8537298,1976.625,,,,,,,,,,,,,,,,,
1976.708,73.25531867,-36.14587,37.10944867,,37.8362405150,-135.0174893,1976.708,,,,,,,,,,,,,,,,,
1976.792,116.3523291,-36.04122,80.31110913,,81.0379009750,-53.9795883,1976.792,,,,,,,,,,,,,,,,,
1976.875,63.86014275,-35.93656,27.92358275,,28.6503745950,-25.3292137,1976.875,,,,,,,,,,,,,,,,,
1976.958,77.71853034,-35.83191,41.88662034,,42.6134121850,17.28419848,1976.958,,,,,,,,,,,,,,,,,
1977.042,41.92953801,-35.72726,6.20227801,,6.9290698550,24.21326834,1977.042,,,,,,,,,,,,,,,,,
1977.125,50.80864051,-35.6226,15.18604051,,15.9128323550,40.12610069,1977.125,,,,,,,,,,,,,,,,,
1977.208,38.06949021,-35.51795,2.55154021,,3.2783320550,43.40443275,1977.208,,,,,,,,,,,,,,,,,
1977.292,46.41031967,-35.4133,10.99701967,,11.7238115150,55.12824426,1977.292,,,,,,,,,,,,,,,,,
1977.375,54.97933225,-35.30865,19.67068225,,20.3974740950,75.52571836,1977.375,,,,,,,,,,,,,,,,,
1977.458,12.41904661,-35.20399,-22.78494339,,-22.0581515450,53.46756681,1977.458,,,,,,,,,,,,,,,,,
1977.542,-63.44997717,-35.20632,-98.65629717,,-97.9295053250,-44.46193851,1977.542,,,,,,,,,,,,,,,,,
1977.625,-17.36351924,-35.31562,-52.67913924,,-51.9523473950,-96.41428591,1977.625,,,,,,,,,,,,,,,,,
1977.708,78.28061909,-35.42493,42.85568909,,43.5824809350,-52.83180497,1977.708,,,,,,,,,,,,,,,,,
1977.792,56.36680429,-35.53424,20.83256429,,21.5593561350,-31.27244884,1977.792,,,,,,,,,,,,,,,,,
1977.875,89.29182735,-35.64354,53.64828735,,54.3750791950,23.10263036,1977.875,,,,,,,,,,,,,,,,,
1977.958,82.3454103,-35.75285,46.5925603,,47.3193521450,70.4219825,1977.958,,,,,,,,,,,,,,,,,
1978.042,69.00569034,-35.86215,33.14354034,,33.8703321850,104.2923147,1978.042,,,,,,,,,,,,,,,,,
1978.125,33.35292899,-35.97146,-2.61853101,,-1.8917391650,102.4005755,1978.125,,,,,,,,,,,,,,,,,
1978.208,47.99878936,-36.08076,11.91802936,,12.6448212050,115.0453967,1978.208,,,,,,,,,,,,,,,,,
1978.292,60.96300116,-36.19007,24.77293116,,25.4997230050,140.5451197,1978.292,,,,,,,,,,,,,,,,,
1978.375,62.52608723,-36.29937,26.22671723,,26.9535090750,167.4986288,1978.375,,,,,,,,,,,,,,,,,
1978.458,52.22081317,-36.40868,15.81213317,,16.5389250150,184.0375538,1978.458,,,,,,,,,,,,,,,,,
1978.542,-79.65381681,-36.4133,-116.0671168,,-115.3403249550,68.69722887,1978.542,,,,,,,,,,,,,,,,,
1978.625,-24.17521318,-36.31323,-60.48844318,,-59.7616513350,8.935577533,1978.625,,,,,,,,,,,,,,,,,
1978.708,53.42146376,-36.21316,17.20830376,,17.9350956050,26.87067314,1978.708,,,,,,,,,,,,,,,,,
1978.792,101.4929556,-36.11309,65.37986556,,66.1066574050,92.97733054,1978.792,,,,,,,,,,,,,,,,,
1978.875,66.55381581,-36.01302,30.54079581,,31.2675876550,124.2449182,1978.875,,,,,,,,,,,,,,,,,
1978.958,65.65753899,-35.91295,29.74458899,,30.4713808350,154.716299,1978.958,,,,,,,,,,,,,,,,,
1979.042,70.25485617,-35.81288,34.44197617,,35.1687680150,189.885067,1979.042,,,,,,,,,,,,,,,,,
1979.125,54.91164856,-35.71281,19.19883856,,19.9256304050,209.8106975,1979.125,,,,,,,,,,,,,,,,,
1979.208,69.17520466,-35.61274,33.56246466,,34.2892565050,244.099954,1979.208,,,,,,,,,,,,,,,,,
1979.292,37.95342673,-35.51267,2.44075673,,3.1675485750,247.2675025,1979.292,,,,,,,,,,,,,,,,,
1979.375,27.12868416,-35.4126,-8.28391584,,-7.5571239950,239.7103785,1979.375,,,,,,,,,,,,,,,,,
1979.458,18.31393933,-35.31253,-16.99859067,,-16.2717988250,223.4385797,1979.458,,,,,,,,,,,,,,,,,
1979.542,-73.35673836,-35.26438,-108.6211184,,-107.8943265550,115.5442532,1979.542,,,,,,,,,,,,,,,,,
1979.625,-31.08352651,-35.26812,-66.35164651,,-65.6248546650,49.91939849,1979.625,,,,,,,,,,,,,,,,,
1979.708,37.04473505,-35.27188,1.77285505,,2.4996468950,52.41904539,1979.708,,,,,,,,,,,,,,,,,
1979.792,65.70096634,-35.27562,30.42534634,,31.1521381850,83.57118357,1979.792,,,,,,,,,,,,,,,,,
1979.875,61.62626788,-35.27938,26.34688788,,27.0736797250,110.6448633,1979.875,,,,,,,,,,,,,,,,,
1979.958,79.17998632,-35.28312,43.89686632,,44.6236581650,155.2685215,1979.958,,,,,,,,,,,,,,,,,
1980.042,71.1827971,-35.28688,35.8959171,,36.6227089450,191.8912304,1980.042,,,,,,,,,,,,,,,,,
1980.125,62.11062206,-35.29062,26.82000206,,27.5467939050,219.4380243,1980.125,,,,,,,,,,,,,,,,,
1980.208,64.40911414,-35.29438,29.11473414,,29.8415259850,249.2795503,1980.208,,,,,,,,,,,,,,,,,
1980.292,53.84587043,-35.29812,18.54775043,,19.2745422750,268.5540926,1980.292,,,,,,,,,,,,,,,,,
1980.375,40.25220933,-35.30188,4.95032933,,5.6771211750,274.2312137,1980.375,,,,,,,,,,,,,,,,,
1980.458,-6.21878343,-35.30562,-41.52440343,,-40.7976115850,233.4336022,1980.458,,,,,,,,,,,,,,,,,
1980.542,-74.85959449,-35.24545,-110.1050445,,-109.3782526550,124.0553495,1980.542,,,,,,,,,,,,,,,,,
1980.625,-32.10751133,-35.12135,-67.22886133,,-66.5020694850,57.55328002,1980.625,,,,,,,,,,,,,,,,,
1980.708,40.39746003,-34.99726,5.40020003,,6.1269918750,63.6802719,1980.708,,,,,,,,,,,,,,,,,
1980.792,37.97435749,-34.87316,3.10119749,,3.8279893350,67.50826123,1980.792,,,,,,,,,,,,,,,,,
1980.875,76.27092637,-34.74906,41.52186637,,42.2486582150,109.7569194,1980.875,,,,,,,,,,,,,,,,,
1980.958,44.87781287,-34.62497,10.25284287,,10.9796347150,120.7365542,1980.958,,,,,,,,,,,,,,,,,
1981.042,43.58524033,-34.50087,9.08437033,,9.8111621750,130.5477163,1981.042,,,,,,,,,,,,,,,,,
1981.125,47.11668398,-34.37677,12.73991398,,13.4667058250,144.0144222,1981.125,,,,,,,,,,,,,,,,,
1981.208,34.85894885,-34.25267,0.60627885,,1.3330706950,145.3474929,1981.208,,,,,,,,,,,,,,,,,
1981.292,66.39948422,-34.12858,32.27090422,,32.9976960650,178.3451889,1981.292,,,,,,,,,,,,,,,,,
1981.375,45.24960859,-34.00448,11.24512859,,11.9719204350,190.3171094,1981.375,,,,,,,,,,,,,,,,,
1981.458,-28.05615294,-33.88038,-61.93653294,,-61.2097410950,129.1073683,1981.458,,,,,,,,,,,,,,,,,
1981.542,-100.9539004,-33.88819,-134.8420904,,-134.1152985550,-5.007930293,1981.542,,,,,,,,,,,,,,,,,
1981.625,-21.11274953,-34.02792,-55.14066953,,-54.4138776850,-59.42180798,1981.625,,,,,,,,,,,,,,,,,
1981.708,47.41135177,-34.16764,13.24371177,,13.9705036150,-45.45130436,1981.708,,,,,,,,,,,,,,,,,
1981.792,68.88773543,-34.30736,34.58037543,,35.3071672750,-10.14413709,1981.792,,,,,,,,,,,,,,,,,
1981.875,54.25293911,-34.44708,19.80585911,,20.5326509550,10.38851387,1981.875,,,,,,,,,,,,,,,,,
1981.958,49.71125438,-34.58681,15.12444438,,15.8512362250,26.23975009,1981.958,,,,,,,,,,,,,,,,,
1982.042,41.09042575,-34.72653,6.36389575,,7.0906875950,33.33043769,1982.042,,,,,,,,,,,,,,,,,
1982.125,69.13877697,-34.86625,34.27252697,,34.9993188150,68.3297565,1982.125,,,,,,,,,,,,,,,,,
1982.208,58.1921869,-35.00597,23.1862169,,23.9130087450,92.24276525,1982.208,,,,,,,,,,,,,,,,,
1982.292,53.57975213,-35.14569,18.43406213,,19.1608539750,111.4036192,1982.292,,,,,,,,,,,,,,,,,
1982.375,13.61049752,-35.28542,-21.67492248,,-20.9481306350,90.45548859,1982.375,,,,,,,,,,,,,,,,,
1982.458,-29.20668498,-35.42514,-64.63182498,,-63.9050331350,26.55045545,1982.458,,,,,,,,,,,,,,,,,
1982.542,-72.50174284,-35.46316,-107.9649028,,-107.2381109550,-80.6876555,1982.542,,,,,,,,,,,,,,,,,
1982.625,-8.95683794,-35.39948,-44.35631794,,-43.6295260950,-124.3171816,1982.625,,,,,,,,,,,,,,,,,
1982.708,53.96713721,-35.3358,18.63133721,,19.3581290550,-104.9590525,1982.708,,,,,,,,,,,,,,,,,
1982.792,64.99336005,-35.27212,29.72124005,,30.4480318950,-74.51102065,1982.792,,,,,,,,,,,,,,,,,
1982.875,52.52946239,-35.20844,17.32102239,,18.0478142350,-56.46320641,1982.875,,,,,,,,,,,,,,,,,
1982.958,65.8398787,-35.14476,30.6951187,,31.4219105450,-25.04129587,1982.958,,,,,,,,,,,,,,,,,
1983.042,47.45370629,-35.08108,12.37262629,,13.0994181350,-11.94187773,1983.042,,,,,,,,,,,,,,,,,
1983.125,79.64031568,-35.0174,44.62291568,,45.3497075250,33.40782979,1983.125,,,,,,,,,,,,,,,,,
1983.208,43.51338354,-34.95372,8.55966354,,9.2864553850,42.69428518,1983.208,,,,,,,,,,,,,,,,,
1983.292,63.5066869,-34.89003,28.6166569,,29.3434487450,72.03773392,1983.292,,,,,,,,,,,,,,,,,
1983.375,33.53438113,-34.82635,-1.29196887,,-0.5651770250,71.4725569,1983.375,,,,,,,,,,,,,,,,,
1983.458,13.34486671,-34.76267,-21.41780329,,-20.6910114450,50.78154545,1983.458,,,,,,,,,,,,,,,,,
1983.542,-31.46440354,-34.74337,-66.20777354,,-65.4809816950,-14.69943624,1983.542,,,,,,,,,,,,,,,,,
1983.625,33.78168261,-34.76844,-0.98675739,,-0.2599655450,-14.95940179,1983.625,,,,,,,,,,,,,,,,,
1983.708,59.66335039,-34.79351,24.86984039,,25.5966322350,10.63723045,1983.708,,,,,,,,,,,,,,,,,
1983.792,57.81236322,-34.81858,22.99378322,,23.7205750650,34.35780551,1983.792,,,,,,,,,,,,,,,,,
1983.875,76.61835088,-34.84365,41.77470088,,42.5014927250,76.85929824,1983.875,,,,,,,,,,,,,,,,,
1983.958,40.50976124,-34.86872,5.64104124,,6.3678330850,83.22713132,1983.958,,,,,,,,,,,,,,,,,
1984.042,59.74423928,-34.89378,24.85045928,,25.5772511250,108.8043824,1984.042,,,,,,,,,,,,,,,,,
1984.125,56.43655385,-34.91885,21.51770385,,22.2444956950,131.0488781,1984.125,,,,,,,,,,,,,,,,,
1984.208,59.78624636,-34.94392,24.84232636,,25.5691182050,156.6179963,1984.208,,,,,,,,,,,,,,,,,
1984.292,54.80438513,-34.96899,19.83539513,,20.5621869750,177.1801833,1984.292,,,,,,,,,,,,,,,,,
1984.375,59.30924528,-34.99406,24.31518528,,25.0419771250,202.2221604,1984.375,,,,,,,,,,,,,,,,,
1984.458,6.82106899,-35.01913,-28.19806101,,-27.4712691650,174.7508913,1984.458,,,,,,,,,,,,,,,,,
1984.542,-124.3568794,-35.03948,-159.3963594,,-158.6695675550,16.08132373,1984.542,,,,,,,,,,,,,,,,,
1984.625,21.96245113,-35.0551,-13.09264887,,-12.3658570250,3.715466701,1984.625,,,,,,,,,,,,,,,,,
1984.708,71.64729309,-35.07073,36.57656309,,37.3033549350,41.01882164,1984.708,,,,,,,,,,,,,,,,,
1984.792,65.48318,-35.08635,30.39683,,31.1236218450,72.14244348,1984.792,,,,,,,,,,,,,,,,,
1984.875,54.74671597,-35.10198,19.64473597,,20.3715278150,92.5139713,1984.875,,,,,,,,,,,,,,,,,
1984.958,96.46881871,-35.1176,61.35121871,,62.0780105550,154.5919819,1984.958,,,,,,,,,,,,,,,,,
1985.042,68.69112504,-35.13323,33.55789504,,34.2846868850,188.8766687,1985.042,,,,,,,,,,,,,,,,,
1985.125,45.76849261,-35.14885,10.61964261,,11.3464344550,200.2231032,1985.125,,,,,,,,,,,,,,,,,
1985.208,54.05075635,-35.16448,18.88627635,,19.6130681950,219.8361714,1985.208,,,,,,,,,,,,,,,,,
1985.292,41.94481021,-35.1801,6.76471021,,7.4915020550,227.3276734,1985.292,,,,,,,,,,,,,,,,,
1985.375,34.71258782,-35.19573,-0.48314218,,0.2436496650,227.5713231,1985.375,,,,,,,,,,,,,,,,,
1985.458,-31.17104566,-35.21135,-66.38239566,,-65.6556038150,161.9157193,1985.458,,,,,,,,,,,,,,,,,
1985.542,-89.11963405,-35.24736,-124.3669941,,-123.6402022550,38.27551704,1985.542,,,,,,,,,,,,,,,,,
1985.625,-32.5815769,-35.30375,-67.8853269,,-67.1585350550,-28.88301802,1985.625,,,,,,,,,,,,,,,,,
1985.708,20.71863646,-35.36014,-14.64150354,,-13.9147116950,-42.79772971,1985.708,,,,,,,,,,,,,,,,,
1985.792,60.63741472,-35.41653,25.22088472,,25.9476765650,-16.85005315,1985.792,,,,,,,,,,,,,,,,,
1985.875,81.48271726,-35.47292,46.00979726,,46.7365891050,29.88653596,1985.875,,,,,,,,,,,,,,,,,
1985.958,38.96630787,-35.52931,3.43699787,,4.1637897150,34.05032567,1985.958,,,,,,,,,,,,,,,,,
1986.042,82.27318869,-35.58569,46.68749869,,47.4142905350,81.46461621,1986.042,,,,,,,,,,,,,,,,,
1986.125,58.85742857,-35.64208,23.21534857,,23.9421404150,105.4067566,1986.125,,,,,,,,,,,,,,,,,
1986.208,59.31111531,-35.69847,23.61264531,,24.3394371550,129.7461938,1986.208,,,,,,,,,,,,,,,,,
1986.292,69.71028419,-35.75486,33.95542419,,34.6822160350,164.4284098,1986.292,,,,,,,,,,,,,,,,,
1986.375,32.53812911,-35.81125,-3.27312089,,-2.5463290450,161.8820808,1986.375,,,,,,,,,,,,,,,,,
1986.458,6.22631402,-35.86764,-29.64132598,,-28.9145341350,132.9675466,1986.458,,,,,,,,,,,,,,,,,
1986.542,-60.47396883,-35.86184,-96.33580883,,-95.6090169850,37.35852965,1986.542,,,,,,,,,,,,,,,,,
1986.625,4.56161777,-35.79385,-31.23223223,,-30.5054403850,6.853089261,1986.625,,,,,,,,,,,,,,,,,
1986.708,64.04813203,-35.72587,28.32226203,,29.0490538750,35.90214314,1986.708,,,,,,,,,,,,,,,,,
1986.792,63.77313152,-35.65788,28.11525152,,28.8420433650,64.7441865,1986.792,,,,,,,,,,,,,,,,,
1986.875,42.93620345,-35.5899,7.34630345,,8.0730952950,72.8172818,1986.875,,,,,,,,,,,,,,,,,
1986.958,84.4428792,-35.52191,48.9209692,,49.6477610450,122.4650428,1986.958,,,,,,,,,,,,,,,,,
1987.042,106.7181388,-35.45392,71.26421879,,71.9910106350,194.4560535,1987.042,,,,,,,,,,,,,,,,,
1987.125,51.42590808,-35.38594,16.03996808,,16.7667599250,211.2228134,1987.125,,,,,,,,,,,,,,,,,
1987.208,62.54996431,-35.31795,27.23201431,,27.9588061550,239.1816196,1987.208,,,,,,,,,,,,,,,,,
1987.292,72.09093263,-35.24997,36.84096263,,37.5677544750,276.749374,1987.292,,,,,,,,,,,,,,,,,
1987.375,59.03029814,-35.18198,23.84831814,,24.5751099850,301.324484,1987.375,,,,,,,,,,,,,,,,,
1987.458,-43.43913512,-35.11399,-78.55312512,,-77.8263332750,223.4981507,1987.458,,,,,,,,,,,,,,,,,
1987.542,-79.1334417,-35.06292,-114.1963617,,-113.4695698550,110.0285809,1987.542,,,,,,,,,,,,,,,,,
1987.625,-78.419439,-35.02875,-113.448189,,-112.7213971550,-2.69281627,1987.625,,,,,,,,,,,,,,,,,
1987.708,52.08977443,-34.99458,17.09519443,,17.8219862750,15.12917001,1987.708,,,,,,,,,,,,,,,,,
1987.792,58.15136905,-34.96042,23.19094905,,23.9177408950,39.0469109,1987.792,,,,,,,,,,,,,,,,,
1987.875,76.83736379,-34.92625,41.91111379,,42.6379056350,81.68481654,1987.875,,,,,,,,,,,,,,,,,
1987.958,46.01036859,-34.89208,11.11828859,,11.8450804350,93.52989697,1987.958,,,,,,,,,,,,,,,,,
1988.042,53.07624587,-34.85792,18.21832587,,18.9451177150,112.4750147,1988.042,,,,,,,,,,,,,,,,,
1988.125,59.39989501,-34.82375,24.57614501,,25.3029368550,137.7779515,1988.125,,,,,,,,,,,,,,,,,
1988.208,48.98734592,-34.78958,14.19776592,,14.9245577650,152.7025093,1988.208,,,,,,,,,,,,,,,,,
1988.292,35.01377176,-34.75542,0.25835176,,0.9851436050,153.6876529,1988.292,,,,,,,,,,,,,,,,,
1988.375,59.12195727,-34.72125,24.40070727,,25.1274991150,178.815152,1988.375,,,,,,,,,,,,,,,,,
1988.458,26.51159658,-34.68708,-8.17548342,,-7.4486915750,171.3664605,1988.458,,,,,,,,,,,,,,,,,
1988.542,-111.5914093,-34.66028,-146.2516893,,-145.5248974550,25.841563,1988.542,,,,,,,,,,,,,,,,,
1988.625,-54.37881601,-34.64083,-89.01964601,,-88.2928541650,-62.45129117,1988.625,,,,,,,,,,,,,,,,,
1988.708,42.21075907,-34.62139,7.58936907,,8.3161609150,-54.13513025,1988.708,,,,,,,,,,,,,,,,,
1988.792,61.30904276,-34.60194,26.70710276,,27.4338946050,-26.70123565,1988.792,,,,,,,,,,,,,,,,,
1988.875,61.71102094,-34.5825,27.12852094,,27.8553127850,1.154077135,1988.875,,,,,,,,,,,,,,,,,
1988.958,59.16704945,-34.56306,24.60398945,,25.3307812950,26.48485843,1988.958,,,,,,,,,,,,,,,,,
1989.042,43.35518421,-34.54361,8.81157421,,9.5383660550,36.02322448,1989.042,,,,,,,,,,,,,,,,,
1989.125,36.25510874,-34.52417,1.73093874,,2.4577305850,38.48095507,1989.125,,,,,,,,,,,,,,,,,
1989.208,42.59972699,-34.50472,8.09500699,,8.8217988350,47.3027539,1989.208,,,,,,,,,,,,,,,,,
1989.292,27.84518364,-34.48528,-6.64009636,,-5.9133045150,41.38944939,1989.292,,,,,,,,,,,,,,,,,
1989.375,35.93241645,-34.46583,1.46658645,,2.1933782950,43.58282768,1989.375,,,,,,,,,,,,,,,,,
1989.458,-14.23249359,-34.44639,-48.67888359,,-47.9520917450,-4.36926406,1989.458,,,,,,,,,,,,,,,,,
1989.542,-95.46837471,-34.4416,-129.9099747,,-129.1831828550,-133.5524469,1989.542,,,,,,,,,,,,,,,,,
1989.625,-26.98889019,-34.45146,-61.44035019,,-60.7135583450,-194.2660053,1989.625,,,,,,,,,,,,,,,,,
1989.708,65.57818187,-34.46132,31.11686187,,31.8436537150,-162.4223515,1989.708,,,,,,,,,,,,,,,,,
1989.792,60.99696407,-34.47118,26.52578407,,27.2525759150,-135.1697756,1989.792,,,,,,,,,,,,,,,,,
1989.875,71.27556391,-34.48104,36.79452391,,37.5213157550,-97.64845988,1989.875,,,,,,,,,,,,,,,,,
1989.958,69.62288243,-34.4909,35.13198243,,35.8587742750,-61.7896856,1989.958,,,,,,,,,,,,,,,,,
1990.042,50.13092228,-34.50076,15.63016228,,16.3569541250,-45.43273148,1990.042,,,,,,,,,,,,,,,,,
1990.125,37.16816985,-34.51062,2.65754985,,3.3843416950,-42.04838978,1990.125,,,,,,,,,,,,,,,,,
1990.208,38.81257342,-34.52049,4.29208342,,5.0188752650,-37.02951452,1990.208,,,,,,,,,,,,,,,,,
1990.292,48.06460224,-34.53035,13.53425224,,14.2610440850,-22.76847043,1990.292,,,,,,,,,,,,,,,,,
1990.375,50.54293758,-34.54021,16.00272758,,16.7295194250,-6.038951005,1990.375,,,,,,,,,,,,,,,,,
1990.458,-30.39342201,-34.55007,-64.94349201,,-64.2167001650,-70.25565117,1990.458,,,,,,,,,,,,,,,,,
1990.542,-102.4661493,-34.57531,-137.0414593,,-136.3146674550,-206.5703186,1990.542,,,,,,,,,,,,,,,,,
1990.625,-43.80091132,-34.61594,-78.41685132,,-77.6900594750,-284.2603781,1990.625,,,,,,,,,,,,,,,,,
1990.708,60.08778134,-34.65656,25.43122134,,26.1580131850,-258.1023649,1990.708,,,,,,,,,,,,,,,,,
1990.792,74.51800982,-34.69719,39.82081982,,40.5476116650,-217.5547533,1990.792,,,,,,,,,,,,,,,,,
1990.875,75.77186231,-34.73781,41.03405231,,41.7608441550,-175.7939091,1990.875,,,,,,,,,,,,,,,,,
1990.958,91.11619194,-34.77844,56.33775194,,57.0645437850,-118.7293653,1990.958,,,,,,,,,,,,,,,,,
1991.042,72.38949385,-34.81906,37.57043385,,38.2972256950,-80.43213962,1991.042,,,,,,,,,,,,,,,,,
1991.125,74.29012759,-34.85969,39.43043759,,40.1572294350,-40.27491018,1991.125,,,,,,,,,,,,,,,,,
1991.208,50.48960736,-34.90031,15.58929736,,16.3160892050,-23.95882098,1991.208,,,,,,,,,,,,,,,,,
1991.292,28.62193585,-34.94094,-6.31900415,,-5.5922123050,-29.55103328,1991.292,,,,,,,,,,,,,,,,,
1991.375,60.99420925,-34.98156,26.01264925,,26.7394410950,-2.811592186,1991.375,,,,,,,,,,,,,,,,,
1991.458,-34.94264399,-35.02219,-69.96483399,,-69.2380421450,-72.04963433,1991.458,,,,,,,,,,,,,,,,,
1991.542,-120.4189084,-35.07781,-155.4967184,,-154.7699265550,-226.8195609,1991.542,,,,,,,,,,,,,,,,,
1991.625,-9.46962282,-35.14844,-44.61806282,,-43.8912709750,-270.7108319,1991.625,,,,,,,,,,,,,,,,,
1991.708,48.46741436,-35.21906,13.24835436,,13.9751462050,-256.7356857,1991.708,,,,,,,,,,,,,,,,,
1991.792,89.42862463,-35.28969,54.13893463,,54.8657264750,-201.8699592,1991.792,,,,,,,,,,,,,,,,,
1991.875,55.95578236,-35.36031,20.59547236,,21.3222642050,-180.547695,1991.875,,,,,,,,,,,,,,,,,
1991.958,81.29448115,-35.43094,45.86354115,,46.5903329950,-133.957362,1991.958,,,,,,,,,,,,,,,,,
1992.042,81.80746559,-35.50156,46.30590559,,47.0326974350,-86.92466455,1992.042,,,,,,,,,,,,,,,,,
1992.125,60.76213679,-35.57219,25.18994679,,25.9167386350,-61.00792591,1992.125,,,,,,,,,,,,,,,,,
1992.208,46.06930445,-35.64281,10.42649445,,11.1532862950,-49.85463962,1992.208,,,,,,,,,,,,,,,,,
1992.292,40.06811699,-35.71344,4.35467699,,5.0814688350,-44.77317078,1992.292,,,,,,,,,,,,,,,,,
1992.375,53.19422764,-35.78406,17.41016764,,18.1369594850,-26.6362113,1992.375,,,,,,,,,,,,,,,,,
1992.458,47.09336581,-35.85469,11.23867581,,11.9654676550,-14.67074364,1992.458,,,,,,,,,,,,,,,,,
1992.542,-27.76133944,-35.83003,-63.59136944,,-62.8645775950,-77.53532124,1992.542,,,,,,,,,,,,,,,,,
1992.625,6.7966767,-35.7101,-28.9134233,,-28.1866314550,-105.7219527,1992.625,,,,,,,,,,,,,,,,,
1992.708,62.86070755,-35.59017,27.27053755,,27.9973293950,-77.7246233,1992.708,,,,,,,,,,,,,,,,,
1992.792,87.67516173,-35.47024,52.20492173,,52.9317135750,-24.79290972,1992.792,,,,,,,,,,,,,,,,,
1992.875,67.4834081,-35.35031,32.1330981,,32.8598899450,8.066980224,1992.875,,,,,,,,,,,,,,,,,
1992.958,55.81615311,-35.23038,20.58577311,,21.3125649550,29.37954518,1992.958,,,,,,,,,,,,,,,,,
1993.042,47.44018723,-35.11045,12.32973723,,13.0565290750,42.43607425,1993.042,,,,,,,,,,,,,,,,,
1993.125,76.12007142,-34.99052,41.12955142,,41.8563432650,84.29241752,1993.125,,,,,,,,,,,,,,,,,
1993.208,61.78807018,-34.87059,26.91748018,,27.6442720250,111.9366895,1993.208,,,,,,,,,,,,,,,,,
1993.292,50.2990537,-34.75066,15.5483937,,16.2751855450,128.2118751,1993.292,,,,,,,,,,,,,,,,,
1993.375,23.78703009,-34.63073,-10.84369991,,-10.1169080650,118.094967,1993.375,,,,,,,,,,,,,,,,,
1993.458,-32.16287862,-34.5108,-66.67367862,,-65.9468867750,52.14808025,1993.458,,,,,,,,,,,,,,,,,
1993.542,-117.3250766,-34.46517,-151.7902466,,-151.0634547550,-98.91537451,1993.542,,,,,,,,,,,,,,,,,
1993.625,-25.86667817,-34.49385,-60.36052817,,-59.6337363250,-158.5491108,1993.625,,,,,,,,,,,,,,,,,
1993.708,50.78442279,-34.52253,16.26189279,,16.9886846350,-141.5604262,1993.708,,,,,,,,,,,,,,,,,
1993.792,77.82177731,-34.55122,43.27055731,,43.9973491550,-97.56307704,1993.792,,,,,,,,,,,,,,,,,
1993.875,102.736003,-34.5799,68.156103,,68.8828948450,-28.6801822,1993.875,,,,,,,,,,,,,,,,,
1993.958,57.88358351,-34.60858,23.27500351,,24.0017953550,-4.678386842,1993.958,,,,,,,,,,,,,,,,,
1994.042,48.36093312,-34.63726,13.72367312,,14.4504649650,9.772078123,1994.042,,,,,,,,,,,,,,,,,
1994.125,77.12011744,-34.66594,42.45417744,,43.1809692850,52.95304741,1994.125,,,,,,,,,,,,,,,,,
1994.208,44.63292308,-34.69462,9.93830308,,10.6650949250,63.61814233,1994.208,,,,,,,,,,,,,,,,,
1994.292,54.72207586,-34.7233,19.99877586,,20.7255677050,84.34371004,1994.292,,,,,,,,,,,,,,,,,
1994.375,32.14998368,-34.75198,-2.60199632,,-1.8752044750,82.46850556,1994.375,,,,,,,,,,,,,,,,,
1994.458,5.19131348,-34.78066,-29.58934652,,-28.8625546750,53.60595089,1994.458,,,,,,,,,,,,,,,,,
1994.542,-92.31936493,-34.76052,-127.0798849,,-126.3530930550,-72.74714217,1994.542,,,,,,,,,,,,,,,,,
1994.625,-18.31056265,-34.69156,-53.00212265,,-52.2753308050,-125.022473,1994.625,,,,,,,,,,,,,,,,,
1994.708,56.76632226,-34.6226,22.14372226,,22.8705141050,-102.1519589,1994.708,,,,,,,,,,,,,,,,,
1994.792,45.05688546,-34.55365,10.50323546,,11.2300273050,-90.92193156,1994.792,,,,,,,,,,,,,,,,,
1994.875,54.39507931,-34.48469,19.91038931,,20.6371811550,-70.28475041,1994.875,,,,,,,,,,,,,,,,,
1994.958,56.04278015,-34.41573,21.62705015,,22.3538419950,-47.93090841,1994.958,,,,,,,,,,,,,,,,,
1995.042,32.0936608,-34.34677,-2.2531092,,-1.5263173550,-49.45722577,1995.042,,,,,,,,,,,,,,,,,
1995.125,33.00713894,-34.27781,-1.27067106,,-0.5438792150,-50.00110498,1995.125,,,,,,,,,,,,,,,,,
1995.208,50.19210031,-34.20885,15.98325031,,16.7100421550,-33.29106283,1995.208,,,,,,,,,,,,,,,,,
1995.292,29.97696651,-34.1399,-4.16293349,,-3.4361416450,-36.72720447,1995.292,,,,,,,,,,,,,,,,,
1995.375,23.71657832,-34.07094,-10.35436168,,-9.6275698350,-46.35477431,1995.375,,,,,,,,,,,,,,,,,
1995.458,-17.85448313,-34.00198,-51.85646313,,-51.1296712850,-97.48444559,1995.458,,,,,,,,,,,,,,,,,
1995.542,-118.3536083,-34.0209,-152.3745083,,-151.6477164550,-249.132162,1995.542,,,,,,,,,,,,,,,,,
1995.625,-31.84988922,-34.12771,-65.97759922,,-65.2508073750,-314.3829694,1995.625,,,,,,,,,,,,,,,,,
1995.708,61.90105936,-34.23451,27.66654936,,28.3933412050,-285.9896282,1995.708,,,,,,,,,,,,,,,,,
1995.792,44.48348549,-34.34132,10.14216549,,10.8689573350,-275.1206709,1995.792,,,,,,,,,,,,,,,,,
1995.875,91.75599067,-34.44812,57.30787067,,58.0346625150,-217.0860084,1995.875,,,,,,,,,,,,,,,,,
1995.958,75.89839703,-34.55493,41.34346703,,42.0702588750,-175.0157495,1995.958,,,,,,,,,,,,,,,,,
1996.042,88.26059961,-34.66174,53.59885961,,54.3256514550,-120.690098,1996.042,,,,,,,,,,,,,,,,,
1996.125,84.3428449,-34.76854,49.5743049,,50.3010967450,-70.38900129,1996.125,,,,,,,,,,,,,,,,,
1996.208,93.30762129,-34.87535,58.43227129,,59.1590631350,-11.22993816,1996.208,,,,,,,,,,,,,,,,,
1996.292,46.31585052,-34.98215,11.33370052,,12.0604923650,0.830554208,1996.292,,,,,,,,,,,,,,,,,
1996.375,20.931972,-35.08896,-14.156988,,-13.4301961550,-12.59964195,1996.375,,,,,,,,,,,,,,,,,
1996.458,-7.02506099,-35.19576,-42.22082099,,-41.4940291450,-54.09367109,1996.458,,,,,,,,,,,,,,,,,
1996.542,-59.24777513,-35.26573,-94.51350513,,-93.7867132850,-147.8803844,1996.542,,,,,,,,,,,,,,,,,
1996.625,7.30768713,-35.29885,-27.99116287,,-27.2643710250,-175.1447554,1996.625,,,,,,,,,,,,,,,,,
1996.708,72.50954223,-35.33198,37.17756223,,37.9043540750,-137.2404013,1996.708,,,,,,,,,,,,,,,,,
1996.792,65.30404688,-35.3651,29.93894688,,30.6657387250,-106.5746626,1996.792,,,,,,,,,,,,,,,,,
1996.875,73.15720455,-35.39823,37.75897455,,38.4857663950,-68.08889621,1996.875,,,,,,,,,,,,,,,,,
1996.958,78.30258218,-35.43135,42.87123218,,43.5980240250,-24.49087218,1996.958,,,,,,,,,,,,,,,,,
1997.042,77.79702306,-35.46448,42.33254306,,43.0593349050,18.56846272,1997.042,,,,,,,,,,,,,,,,,
1997.125,49.73215991,-35.4976,14.23455991,,14.9613517550,33.52981448,1997.125,,,,,,,,,,,,,,,,,
1997.208,42.02474128,-35.53073,6.49401128,,7.2208031250,40.7506176,1997.208,,,,,,,,,,,,,,,,,
1997.292,59.35632115,-35.56385,23.79247115,,24.5192629950,65.2698806,1997.292,,,,,,,,,,,,,,,,,
1997.375,22.52216778,-35.59698,-13.07481222,,-12.3480203750,52.92186022,1997.375,,,,,,,,,,,,,,,,,
1997.458,-29.92706362,-35.6301,-65.55716362,,-64.8303717750,-11.90851155,1997.458,,,,,,,,,,,,,,,,,
1997.542,-74.26705019,-35.6724,-109.9394502,,-109.2126583550,-121.1211699,1997.542,,,,,,,,,,,,,,,,,
1997.625,-7.67737299,-35.72385,-43.40122299,,-42.6744311450,-163.7956011,1997.625,,,,,,,,,,,,,,,,,
1997.708,68.91168192,-35.77531,33.13637192,,33.8631637650,-129.9324373,1997.708,,,,,,,,,,,,,,,,,
1997.792,77.87582905,-35.82677,42.04905905,,42.7758508950,-87.15658639,1997.792,,,,,,,,,,,,,,,,,
1997.875,67.96858444,-35.87823,32.09035444,,32.8171462850,-54.33944011,1997.875,,,,,,,,,,,,,,,,,
1997.958,87.06649199,-35.92969,51.13680199,,51.8635938350,-2.475846273,1997.958,,,,,,,,,,,,,,,,,
1998.042,63.59431896,-35.98115,27.61316896,,28.3399608050,25.86411453,1998.042,,,,,,,,,,,,,,,,,
1998.125,49.0242249,-36.0326,12.9916249,,13.7184167450,39.58253128,1998.125,,,,,,,,,,,,,,,,,
1998.208,67.8470263,-36.08406,31.7629663,,32.4897581450,72.07228942,1998.208,,,,,,,,,,,,,,,,,
1998.292,46.91801907,-36.13552,10.78249907,,11.5092909150,83.58158034,1998.292,,,,,,,,,,,,,,,,,
1998.375,54.65842642,-36.18698,18.47144642,,19.1982382650,102.7798186,1998.375,,,,,,,,,,,,,,,,,
1998.458,-68.76861459,-36.23844,-105.0070546,,-104.2802627550,-1.500444153,1998.458,,,,,,,,,,,,,,,,,
1998.542,-141.8014602,-36.30378,-178.1052402,,-177.3784483550,-178.8788925,1998.542,,,,,,,,,,,,,,,,,
1998.625,-47.66200266,-36.38302,-84.04502266,,-83.3182308150,-262.1971233,1998.625,,,,,,,,,,,,,,,,,
1998.708,17.50406435,-36.46226,-18.95819565,,-18.2314038050,-280.4285271,1998.708,,,,,,,,,,,,,,,,,
1998.792,55.12551097,-36.54149,18.58402097,,19.3108128150,-261.1177143,1998.792,,,,,,,,,,,,,,,,,
1998.875,79.20674335,-36.62073,42.58601335,,43.3128051950,-217.8049091,1998.875,,,,,,,,,,,,,,,,,
1998.958,55.09507985,-36.69997,18.39510985,,19.1219016950,-198.6830074,1998.958,,,,,,,,,,,,,,,,,
1999.042,60.6960039,-36.7792,23.9168039,,24.6435957450,-174.0394117,1999.042,,,,,,,,,,,,,,,,,
1999.125,66.30579762,-36.85844,29.44735762,,30.1741494650,-143.8652622,1999.125,,,,,,,,,,,,,,,,,
1999.208,36.57119687,-36.93767,-0.36647313,,0.3603187150,-143.5049435,1999.208,,,,,,,,,,,,,,,,,
1999.292,40.95211215,-37.01691,3.93520215,,4.6619939950,-138.8429495,1999.292,,,,,,,,,,,,,,,,,
1999.375,61.56372263,-37.09615,24.46757263,,25.1943644750,-113.648585,1999.375,,,,,,,,,,,,,,,,,
1999.458,22.88481192,-37.17538,-14.29056808,,-13.5637762350,-127.2123613,1999.458,,,,,,,,,,,,,,,,,
1999.542,-115.842816,-37.2474,-153.090216,,-152.3634241550,-279.5757854,1999.542,,,,,,,,,,,,,,,,,
1999.625,-36.30379059,-37.31219,-73.61598059,,-72.8891887450,-352.4649742,1999.625,,,,,,,,,,,,,,,,,
1999.708,65.92322078,-37.37698,28.54624078,,29.2730326250,-323.1919415,1999.708,,,,,,,,,,,,,,,,,
1999.792,68.21810437,-37.44177,30.77633437,,31.5031262150,-291.6888153,1999.792,,,,,,,,,,,,,,,,,
1999.875,87.65148675,-37.50656,50.14492675,,50.8717185950,-240.8170967,1999.875,,,,,,,,,,,,,,,,,
1999.958,54.0483927,-37.57135,16.4770427,,17.2038345450,-223.6132622,1999.958,,,,,,,,,,,,,,,,,
2000.042,76.92146763,-37.63615,39.28531763,,40.0121094750,-183.6011527,2000.042,,,,,,,,,,,,,,,,,
2000.125,48.60799027,-37.70094,10.90705027,,11.6338421150,-171.9673106,2000.125,,,,,,,,,,,,,,,,,
2000.208,50.11401938,-37.76573,12.34828938,,13.0750812250,-158.8922294,2000.208,,,,,,,,,,,,,,,,,
2000.292,61.61664055,-37.83052,23.78612055,,24.5129123950,-134.379317,2000.292,,,,,,,,,,,,,,,,,
2000.375,46.90296567,-37.89531,9.00765567,,9.7344475150,-124.6448695,2000.375,,,,,,,,,,,,,,,,,
2000.458,-40.75777077,-37.9601,-78.71787077,,-77.9910789250,-202.6359484,2000.458,,,,,,,,,,,,,,,,,
2000.542,-80.6398847,-38.0125,-118.6523847,,-117.9255928550,-320.5615412,2000.542,,,,,,,,,,,,,,,,,
2000.625,-50.36825684,-38.0525,-88.42075684,,-87.6939649950,-408.2555062,2000.625,,,,,,,,,,,,,,,,,
2000.708,63.11875986,-38.0925,25.02625986,,25.7530517050,-382.5024545,2000.708,,,,,,,,,,,,,,,,,
2000.792,59.77965312,-38.1325,21.64715312,,22.3739449650,-360.1285096,2000.792,,,,,,,,,,,,,,,,,
2000.875,68.46376639,-38.1725,30.29126639,,31.0180582350,-329.1104513,2000.875,,,,,,,,,,,,,,,,,
2000.958,42.53277148,-38.2125,4.32027148,,5.0470633250,-324.063388,2000.958,,,,,,,,,,,,,,,,,
2001.042,76.34011606,-38.2525,38.08761606,,38.8144079050,-285.2489801,2001.042,,,,,,,,,,,,,,,,,
2001.125,61.4494413,-38.2925,23.1569413,,23.8837331450,-261.365247,2001.125,,,,,,,,,,,,,,,,,
2001.208,38.59377947,-38.3325,0.26127947,,0.9880713150,-260.3771756,2001.208,,,,,,,,,,,,,,,,,
2001.292,37.37171483,-38.3725,-1.00078517,,-0.2739933250,-260.651169,2001.292,,,,,,,,,,,,,,,,,
2001.375,49.98229452,-38.4125,11.56979452,,12.2965863650,-248.3545826,2001.375,,,,,,,,,,,,,,,,,
2001.458,-14.97362252,-38.4525,-53.42612252,,-52.6993306750,-301.0539133,2001.458,,,,,,,,,,,,,,,,,
2001.542,-88.01759673,-38.55316,-126.5707567,,-125.8439648550,-426.8978781,2001.542,,,,,,,,,,,,,,,,,
2001.625,-66.46021492,-38.71448,-105.1746949,,-104.4479030550,-531.3457812,2001.625,,,,,,,,,,,,,,,,,
2001.708,54.45615775,-38.8758,15.58035775,,16.3071495950,-515.0386316,2001.708,,,,,,,,,,,,,,,,,
2001.792,65.67168195,-39.03712,26.63456195,,27.3613537950,-487.6772778,2001.792,,,,,,,,,,,,,,,,,
2001.875,100.8361361,-39.19844,61.63769606,,62.3644879050,-425.3127899,2001.875,,,,,,,,,,,,,,,,,
2001.958,94.81294309,-39.35976,55.45318309,,56.1799749350,-369.132815,2001.958,,,,,,,,,,,,,,,,,
2002.042,71.40716541,-39.52108,31.88608541,,32.6128772550,-336.5199377,2002.042,,,,,,,,,,,,,,,,,
2002.125,33.63538225,-39.6824,-6.04701775,,-5.3202259050,-341.8401636,2002.125,,,,,,,,,,,,,,,,,
2002.208,39.64696425,-39.84372,-0.19675575,,0.5300360950,-341.3101275,2002.208,,,,,,,,,,,,,,,,,
2002.292,33.9617456,-40.00503,-6.0432844,,-5.3164925550,-346.6266201,2002.292,,,,,,,,,,,,,,,,,
2002.375,25.95036753,-40.16635,-14.21598247,,-13.4891906250,-360.1158107,2002.375,,,,,,,,,,,,,,,,,
2002.458,-38.94964086,-40.32767,-79.27731086,,-78.5505190150,-438.6663297,2002.458,,,,,,,,,,,,,,,,,
2002.542,-125.5489533,-40.42378,-165.9727333,,-165.2459414550,-603.9122712,2002.542,,,,,,,,,,,,,,,,,
2002.625,-25.34641221,-40.45469,-65.80110221,,-65.0743103650,-668.9865815,2002.625,,,,,,,,,,,,,,,,,
2002.708,58.5741826,-40.48559,18.0885926,,18.8153844450,-650.1711971,2002.708,,,,,,,,,,,,,,,,,
2002.792,81.13234387,-40.51649,40.61585387,,41.3426457150,-608.8285514,2002.792,,,,,,,,,,,,,,,,,
2002.875,82.36320049,-40.5474,41.81580049,,42.5425923350,-566.285959,2002.875,,,,,,,,,,,,,,,,,
2002.958,85.01170941,-40.5783,44.43340941,,45.1602012550,-521.1257578,2002.958,,,,,,,,,,,,,,,,,
2003.042,62.93062883,-40.6092,22.32142883,,23.0482206750,-498.0775371,2003.042,,,,,,,,,,,,,,,,,
2003.125,61.66591373,-40.6401,21.02581373,,21.7526055750,-476.3249315,2003.125,,,,,,,,,,,,,,,,,
2003.208,68.11444638,-40.67101,27.44343638,,28.1702282250,-448.1547033,2003.208,,,,,,,,,,,,,,,,,
2003.292,80.24480526,-40.70191,39.54289526,,40.2696871050,-407.8850162,2003.292,,,,,,,,,,,,,,,,,
2003.375,38.92992264,-40.73281,-1.80288736,,-1.0760955150,-408.9611117,2003.375,,,,,,,,,,,,,,,,,
2003.458,-79.25248638,-40.76372,-120.0162064,,-119.2894145550,-528.2505263,2003.458,,,,,,,,,,,,,,,,,
2003.542,-154.2051012,-40.76576,-194.9708612,,-194.2440693550,-722.4945956,2003.542,,,,,,,,,,,,,,,,,
2003.625,-56.96200125,-40.73896,-97.70096125,,-96.9741694050,-819.468765,2003.625,,,,,,,,,,,,,,,,,
2003.708,49.55376894,-40.71215,8.84161894,,9.5684107850,-809.9003542,2003.708,,,,,,,,,,,,,,,,,
2003.792,85.14251929,-40.68535,44.45716929,,45.1839611350,-764.7163931,2003.792,,,,,,,,,,,,,,,,,
2003.875,67.42900706,-40.65854,26.77046706,,27.4972589050,-737.2191342,2003.875,,,,,,,,,,,,,,,,,
2003.958,56.93017085,-40.63174,16.29843085,,17.0252226950,-720.1939115,2003.958,,,,,,,,,,,,,,,,,
2004.042,31.61168175,-40.60493,-8.99324825,,-8.2664564050,-728.4603679,2004.042,,,,,,,,,,,,,,,,,
2004.125,65.1923094,-40.57812,24.6141894,,25.3409812450,-703.1193867,2004.125,,,,,,,,,,,,,,,,,
2004.208,88.69893495,-40.55132,48.14761495,,48.8744067950,-654.2449799,2004.208,,,,,,,,,,,,,,,,,
2004.292,54.77218003,-40.52451,14.24767003,,14.9744618750,-639.270518,2004.292,,,,,,,,,,,,,,,,,
2004.375,22.84015458,-40.49771,-17.65755542,,-16.9307635750,-656.2012816,2004.375,,,,,,,,,,,,,,,,,
2004.458,-46.77588366,-40.4709,-87.24678366,,-86.5199918150,-742.7212734,2004.458,,,,,,,,,,,,,,,,,
2004.542,-105.2042204,-40.66938,-145.8736004,,-145.1468085550,-887.8680819,2004.542,,,,,,,,,,,,,,,,,
2004.625,-53.29873953,-41.09313,-94.39186953,,-93.6650776850,-981.5331596,2004.625,,,,,,,,,,,,,,,,,
2004.708,55.07332919,-41.51687,13.55645919,,14.2832510350,-967.2499086,2004.708,,,,,,,,,,,,,,,,,
2004.792,71.1490571,-41.94062,29.2084371,,29.9352289450,-937.3146796,2004.792,,,,,,,,,,,,,,,,,
2004.875,57.57676417,-42.36438,15.21238417,,15.9391760150,-921.3755036,2004.875,,,,,,,,,,,,,,,,,
2004.958,45.47604632,-42.78813,2.68791632,,3.4147081650,-917.9607955,2004.958,,,,,,,,,,,,,,,,,
2005.042,81.17399634,-43.21187,37.96212634,,38.6889181850,-879.2718773,2005.042,,,,,,,,,,,,,,,,,
2005.125,77.86215461,-43.63562,34.22653461,,34.9533264550,-844.3185508,2005.125,,,,,,,,,,,,,,,,,
2005.208,71.0286032,-44.05938,26.9692232,,27.6960150450,-816.6225358,2005.208,,,,,,,,,,,,,,,,,
2005.292,56.99612475,-44.48313,12.51299475,,13.2397865950,-803.3827492,2005.292,,,,,,,,,,,,,,,,,
2005.375,36.33364778,-44.90687,-8.57322222,,-7.8464303750,-811.2291796,2005.375,,,,,,,,,,,,,,,,,
2005.458,-37.74567973,-45.33062,-83.07629973,,-82.3495078850,-893.5786874,2005.458,,,,,,,,,,,,,,,,,
2005.542,-152.0270822,-45.43861,-197.4656922,,-196.7389003550,-1090.317588,2005.542,,,,,,,,,,,,,,,,,
2005.625,-60.83543461,-45.23083,-106.0662646,,-105.3394727550,-1195.657061,2005.625,,,,,,,,,,,,,,,,,
2005.708,34.10063061,-45.02306,-10.92242939,,-10.1956375450,-1205.852698,2005.708,,,,,,,,,,,,,,,,,
2005.792,51.86879073,-44.81528,7.05351073,,7.7803025750,-1198.072396,2005.792,,,,,,,,,,,,,,,,,
2005.875,79.30119,-44.6075,34.69369,,35.4204818450,-1162.651914,2005.875,,,,,,,,,,,,,,,,,
2005.958,72.06791982,-44.39972,27.66819982,,28.3949916650,-1134.256922,2005.958,,,,,,,,,,,,,,,,,
2006.042,60.32409158,-44.19194,16.13215158,,16.8589434250,-1117.397979,2006.042,,,,,,,,,,,,,,,,,
2006.125,39.45826943,-43.98417,-4.52590057,,-3.7991087250,-1121.197087,2006.125,,,,,,,,,,,,,,,,,
2006.208,23.06502656,-43.77639,-20.71136344,,-19.9845715950,-1141.181659,2006.208,,,,,,,,,,,,,,,,,
2006.292,58.67350414,-43.56861,15.10489414,,15.8316859850,-1125.349973,2006.292,,,,,,,,,,,,,,,,,
2006.375,29.37967582,-43.36083,-13.98115418,,-13.2543623350,-1138.604335,2006.375,,,,,,,,,,,,,,,,,
2006.458,4.6206928,-43.15306,-38.5323672,,-37.8055753550,-1176.409911,2006.458,,,,,,,,,,,,,,,,,
2006.542,-110.646153,-43.08854,-153.734693,,-153.0079011550,-1329.417812,2006.542,,,,,,,,,,,,,,,,,
2006.625,-87.20946706,-43.16729,-130.3767571,,-129.6499652550,-1459.067777,2006.625,,,,,,,,,,,,,,,,,
2006.708,33.99549776,-43.24604,-9.25054224,,-8.5237503950,-1467.591527,2006.708,,,,,,,,,,,,,,,,,
2006.792,40.55843478,-43.32479,-2.76635522,,-2.0395633750,-1469.631091,2006.792,,,,,,,,,,,,,,,,,
2006.875,42.81930968,-43.40354,-0.58423032,,0.1425615250,-1469.488529,2006.875,,,,,,,,,,,,,,,,,
2006.958,71.01654766,-43.48229,27.53425766,,28.2610495050,-1441.22748,2006.958,,,,,,,,,,,,,,,,,
2007.042,65.67960607,-43.56104,22.11856607,,22.8453579150,-1418.382122,2007.042,,,,,,,,,,,,,,,,,
2007.125,40.06328225,-43.63979,-3.57650775,,-2.8497159050,-1421.231838,2007.125,,,,,,,,,,,,,,,,,
2007.208,55.37495444,-43.71854,11.65641444,,12.3832062850,-1408.848631,2007.208,,,,,,,,,,,,,,,,,
2007.292,56.21670854,-43.79729,12.41941854,,13.1462103850,-1395.702421,2007.292,,,,,,,,,,,,,,,,,
2007.375,33.15862207,-43.87604,-10.71741793,,-9.9906260850,-1405.693047,2007.375,,,,,,,,,,,,,,,,,
2007.458,-38.50247837,-43.95479,-82.45726837,,-81.7304765250,-1487.423524,2007.458,,,,,,,,,,,,,,,,,
2007.542,-194.4301844,-43.97736,-238.4075444,,-237.6807525550,-1725.104276,2007.542,,,,,,,,,,,,,,,,,
2007.625,-93.3565024,-43.94375,-137.3002524,,-136.5734605550,-1861.677737,2007.625,,,,,,,,,,,,,,,,,
2007.708,60.64120862,-43.91014,16.73106862,,17.4578604650,-1844.219876,2007.708,,,,,,,,,,,,,,,,,
2007.792,56.09456082,-43.87653,12.21803082,,12.9448226650,-1831.275054,2007.792,,,,,,,,,,,,,,,,,
2007.875,82.40220535,-43.84292,38.55928535,,39.2860771950,-1791.988976,2007.875,,,,,,,,,,,,,,,,,
2007.958,67.58849241,-43.80931,23.77918241,,24.5059742550,-1767.483002,2007.958,,,,,,,,,,,,,,,,,
2008.042,51.84205546,-43.77569,8.06636546,,8.7931573050,-1758.689845,2008.042,,,,,,,,,,,,,,,,,
2008.125,64.49119511,-43.74208,20.74911511,,21.4759069550,-1737.213938,2008.125,,,,,,,,,,,,,,,,,
2008.208,45.92914945,-43.70847,2.22067945,,2.9474712950,-1734.266467,2008.208,,,,,,,,,,,,,,,,,
2008.292,39.07864751,-43.67486,-4.59621249,,-3.8694206450,-1738.135887,2008.292,,,,,,,,,,,,,,,,,
2008.375,24.37040352,-43.64125,-19.27084648,,-18.5440546350,-1756.679942,2008.375,,,,,,,,,,,,,,,,,
2008.458,-61.46362018,-43.60764,-105.0712602,,-104.3444683550,-1861.02441,2008.458,,,,,,,,,,,,,,,,,
2008.542,-162.4852024,-43.52094,-206.0061424,,-205.2793505550,-2066.303761,2008.542,,,,,,,,,,,,,,,,,
2008.625,-66.1161039,-43.38115,-109.4972539,,-108.7704620550,-2175.074223,2008.625,,,,,,,,,,,,,,,,,
2008.708,71.00002755,-43.24135,27.75867755,,28.4854693950,-2146.588754,2008.708,,,,,,,,,,,,,,,,,
2008.792,80.02125668,-43.10156,36.91969668,,37.6464885250,-2108.942265,2008.792,,,,,,,,,,,,,,,,,
2008.875,86.16282743,-42.96177,43.20105743,,43.9278492750,-2065.014416,2008.875,,,,,,,,,,,,,,,,,
2008.958,82.87079577,-42.82198,40.04881577,,40.7756076150,-2024.238808,2008.958,,,,,,,,,,,,,,,,,
2009.042,58.86148825,-42.68219,16.17929825,,16.9060900950,-2007.332718,2009.042,,,,,,,,,,,,,,,,,
2009.125,33.13415092,-42.5424,-9.40824908,,-8.6814572350,-2016.014175,2009.125,,,,,,,,,,,,,,,,,
2009.208,39.78106872,-42.4026,-2.62153128,,-1.8947394350,-2017.908915,2009.208,,,,,,,,,,,,,,,,,
2009.292,53.09935419,-42.26281,10.83654419,,11.5633360350,-2006.345579,2009.292,,,,,,,,,,,,,,,,,
2009.375,42.45063725,-42.12302,0.32761725,,1.0544090950,-2005.29117,2009.375,,,,,,,,,,,,,,,,,
2009.458,-15.12297927,-41.98323,-57.10620927,,-56.3794174250,-2061.670587,2009.458,,,,,,,,,,,,,,,,,
2009.542,-135.6085537,-41.91333,-177.5218837,,-176.7950918550,-2238.465679,2009.542,,,,,,,,,,,,,,,,,
2009.625,-73.39199781,-41.91333,-115.3053278,,-114.5785359550,-2353.044215,2009.625,,,,,,,,,,,,,,,,,
2009.708,73.67004808,-41.91333,31.75671808,,32.4835099250,-2320.560705,2009.708,,,,,,,,,,,,,,,,,
2009.792,65.15512979,-41.91333,23.24179979,,23.9685916350,-2296.592113,2009.792,,,,,,,,,,,,,,,,,
2009.875,47.2779538,-41.91333,5.3646238,,6.0914156450,-2290.500698,2009.875,,,,,,,,,,,,,,,,,
2009.958,71.65875803,-41.91333,29.74542803,,30.4722198750,-2260.028478,2009.958,,,,,,,,,,,,,,,,,
2010.042,82.19733449,-41.91333,,,,,2010.042,,,,,,,,,,,,,,,,,
2010.125,41.37825294,-41.91333,,,,,2010.125,,,,,,,,,,,,,,,,,
2010.208,34.84614348,-41.91333,,,,,2010.208,,,,,,,,,,,,,,,,,
2010.292,30.14504597,-41.91333,,,,,2010.292,,,,,,,,,,,,,,,,,
2010.375,16.30964514,-41.91333,,,,,2010.375,,,,,,,,,,,,,,,,,
2010.458,-63.71725704,-41.91333,,,,,2010.458,,,,,,,,,,,,,,,,,
2010.542,-182.5757454,-41.91333,,,,,2010.542,,,,,,,,,,,,,,,,,
2010.625,-104.06575,-41.91333,,,,,2010.625,,,,,,,,,,,,,,,,,
2010.708,45.28849713,-41.91333,,,,,2010.708,,,,,,,,,,,,,,,,,
2010.792,53.98029938,-41.91333,,,,,2010.792,,,,,,,,,,,,,,,,,
2010.875,50.02755318,-41.91333,,,,,2010.875,,,,,,,,,,,,,,,,,
2010.958,77.58850757,-41.91333,,,,,2010.958,,,,,,,,,,,,,,,,,
2011.042,60.04411438,-41.91333,,,,,2011.042,,,,,,,,,,,,,,,,,
2011.125,72.69582303,-41.91333,,,,,2011.125,,,,,,,,,,,,,,,,,
2011.208,42.11484231,-41.91333,,,,,2011.208,,,,,,,,,,,,,,,,,
2011.292,62.25290391,-41.91333,,,,,2011.292,,,,,,,,,,,,,,,,,
2011.375,29.85467343,-41.91333,,,,,2011.375,,,,,,,,,,,,,,,,,
2011.458,-49.59271342,-41.91333,,,,,2011.458,,,,,,,,,,,,,,,,,
2011.542,-171.8393969,-41.91333,,,,,2011.542,,,,,,,,,,,,,,,,,
2011.625,-94.74673949,-41.91333,,,,,2011.625,,,,,,,,,,,,,,,,,
2011.708,54.87132115,-41.91333,,,,,2011.708,,,,,,,,,,,,,,,,,
2011.792,57.27781401,-41.91333,,,,,2011.792,,,,,,,,,,,,,,,,,
2011.875,76.20910633,-41.91333,,,,,2011.875,,,,,,,,,,,,,,,,,
2011.958,51.38212977,-41.91333,,,,,2011.958,,,,,,,,,,,,,,,,,
2012.042,64.99977153,-41.91333,,,,,2012.042,,,,,,,,,,,,,,,,,
2012.125,62.24792605,-41.91333,,,,,2012.125,,,,,,,,,,,,,,,,,
2012.208,72.61441497,-41.91333,,,,,2012.208,,,,,,,,,,,,,,,,,
2012.292,58.78861638,-41.91333,,,,,2012.292,,,,,,,,,,,,,,,,,
2012.375,23.99142537,-41.91333,,,,,2012.375,,,,,,,,,,,,,,,,,
2012.458,-112.7926378,-41.91333,,,,,2012.458,,,,,,,,,,,,,,,,,
2012.542,-272.2773381,-41.91333,,,,,2012.542,,,,,,,,,,,,,,,,,
2012.625,-154.5130767,-41.91333,,,,,2012.625,,,,,,,,,,,,,,,,,
2012.708,45.69117819,-41.91333,,,,,2012.708,,,,,,,,,,,,,,,,,
2012.792,90.01633904,-41.91333,,,,,2012.792,,,,,,,,,,,,,,,,,
2012.875,67.78557261,-41.91333,,,,,2012.875,,,,,,,,,,,,,,,,,
2012.958,51.1466227,-41.91333,,,,,2012.958,,,,,,,,,,,,,,,,,
2013.042,83.21731403,-41.91333,,,,,2013.042,,,,,,,,,,,,,,,,,
2013.125,58.06165311,-41.91333,,,,,2013.125,,,,,,,,,,,,,,,,,
2013.208,32.86631461,-41.91333,,,,,2013.208,,,,,,,,,,,,,,,,,
2013.292,35.29616358,-41.91333,,,,,2013.292,,,,,,,,,,,,,,,,,
2013.375,58.64752807,-41.91333,,,,,2013.375,,,,,,,,,,,,,,,,,
2013.458,-23.93894895,-41.91333,,,,,2013.458,,,,,,,,,,,,,,,,,
2013.542,-110.5953781,-41.91333,,,,,2013.542,,,,,,,,,,,,,,,,,
2013.625,-28.36356155,-41.91333,,,,,2013.625,,,,,,,,,,,,,,,,,
2013.708,85.13162876,-41.91333,,,,,2013.708,,,,,,,,,,,,,,,,,
2013.792,63.15473054,-41.91333,,,,,2013.792,,,,,,,,,,,,,,,,,
2013.875,68.83184873,-41.91333,,,,,2013.875,,,,,,,,,,,,,,,,,
2013.958,56.10431889,-41.91333,,,,,2013.958,,,,,,,,,,,,,,,,,